<?xml version="1.0" encoding="UTF-8"?>
<!DOCTYPE mapper
    PUBLIC "-//mybatis.org//DTD Mapper 3.0//EN"
    "http://mybatis.org/dtd/mybatis-3-mapper.dtd">

<mapper namespace="AIS_INTEGRATION">

    <!--  IN_SCOPE FROM LAST TO 5 IS MISSED -->
	  <insert id="insertVesselsBatchOperation" parameterType="java.util.List">
              insert into mpc_vsl_locs (TXN_ID, TXN_DATE, AIS_VSL_OPR_ETA, AIS_AVG_SPEED, VESS_NAME, AIS_VSL_OPR,
                                                       AIS_UPD_TIME, IMO_NO, VSL_ETA, AIS_PREV_PORT_ATD, AIS_NEXT_PORT_DIST, AIS_NEXT_PORT,
                                                       SRC_NAME, AIS_PREV_PORT, AIS_LOCATION, IS_VALID, SRC_SYS, DST_NAME, AIS_ERR_CODE)(
              select
              seq_mpc_sq1.nextval, vsl.* from(
              <foreach collection="list" item="vesselDetail" index="index"
                     separator="union all">
                     select SYSDATE,   <!--1. TXN_DATE --> 
                            #{vesselDetail.soLatestETA},       <!--2. AIS_VSL_OPR_ETA -->
                            #{vesselDetail.avgSpeed},          <!--3. AIS_AVG_SPEED -->
                              #{vesselDetail.vesselName},        <!--4.  VESS_NAME-->
                              #{vesselDetail.so},                <!--5.  AIS_VSL_OPR-->  
                              #{vesselDetail.recordUpdateTime},  <!--6.  AIS_UPD_TIME-->
                              #{vesselDetail.imo},             <!-- 7. IMO_NO -->
                              #{vesselDetail.predictedETA},      <!-- 8.VSL_ETA -->
                              #{vesselDetail.atd},               <!-- 9.AIS_PREV_PORT_ATD --> 
                              #{vesselDetail.remainingDistance}, <!-- 10.AIS_NEXT_PORT_DIST -->
                              #{vesselDetail.nextPortOfCall},    <!-- 11.AIS_NEXT_PORT -->
                              #{vesselDetail.departFrom},        <!-- 12.SRC_NAME -->
                              #{vesselDetail.departFrom},         <!-- 13.AIS_PREV_PORT -->
<!--                   #{vesselDetail.inScope},            
                              #{vesselDetail.withInPortArea}, -->
                              #{vesselDetail.location},          <!-- 14.AIS_LOCATION -->
                              #{vesselDetail.isValid},           <!-- 17.IS_VALID -->
                              #{vesselDetail.srcSys} ,            <!-- 18.SRC_SYS -->
                              #{vesselDetail.nextPortOfCall},     <!-- 19.DST_NAME  -->
                              #{vesselDetail.refCode}            <!-- 20.AIS_ERR_CODE -->
                     from dual
              </foreach>
              )vsl)
       </insert>
       <!-- CURRENTLY USED QUERY -->
      	  <insert id="insertVesselLocation" parameterType="com.dpworld.esb.cxf.ais.integration.model.VesselLocation">
             insert into mpc_vsl_locs (TXN_ID, TXN_DATE, AIS_VSL_OPR_ETA, AIS_AVG_SPEED, VESS_NAME, AIS_VSL_OPR,
                                                      AIS_UPD_TIME, IMO_NO, VSL_ETA, AIS_PREV_PORT_ATD, AIS_NEXT_PORT_DIST, AIS_NEXT_PORT,
                                                      SRC_NAME, AIS_PREV_PORT, AIS_LOCATION, IS_VALID, SRC_SYS, DST_NAME, AIS_ERR_CODE) VALUES (
             				seq_mpc_sq1.nextval,
                   			 SYSDATE,   <!--1. TXN_DATE --> 
                           	 #{soLatestETA},       <!--2. AIS_VSL_OPR_ETA -->
                           	 #{avgSpeed},          <!--3. AIS_AVG_SPEED -->
                             #{vesselName},        <!--4.  VESS_NAME-->
                             #{so},                <!--5.  AIS_VSL_OPR-->  
                             #{recordUpdateTime},  <!--6.  AIS_UPD_TIME-->
                             #{imo},             <!-- 7. IMO_NO -->
                             #{predictedETA},      <!-- 8.VSL_ETA -->
                             #{atd},               <!-- 9.AIS_PREV_PORT_ATD --> 
                             #{remainingDistance}, <!-- 10.AIS_NEXT_PORT_DIST -->
                             #{nextPortOfCall},    <!-- 11.AIS_NEXT_PORT -->
                             #{departFrom},        <!-- 12.SRC_NAME -->
                             #{departFrom},         <!-- 13.AIS_PREV_PORT -->
                             #{location},          <!-- 14.AIS_LOCATION -->
                             #{isValid},           <!-- 17.IS_VALID -->
                             #{srcSys} ,            <!-- 18.SRC_SYS -->
                             #{nextPortOfCall},     <!-- 19.DST_NAME  -->
                             #{refCode}            <!-- 20.AIS_ERR_CODE -->
                    
             )
      </insert>
	
	<delete id="deleteMaxVesselRecord" parameterType="java.lang.String">
		delete from mpc_vsl_locs a where  a.txn_id &lt; (select max(b.txn_id) 
                      from   mpc_vsl_locs b where b.vess_name = #{vesselName} and b.src_sys in ('AIS'))
          and a.vess_name = #{vesselName} 
	</delete>
	
	
	<delete id="deleteMaxVesselRecordLog" parameterType="java.lang.String">
		delete from MPC_VSL_LOCS_AISLOG a where  a.txn_id &lt; (select max(b.txn_id) 
                      from   MPC_VSL_LOCS_AISLOG b where b.vess_name = #{vesselName} and b.src_sys in ('AIS'))
          and a.vess_name = #{vesselName} 
	</delete>
	
	<insert id="insertVesselLocationLog" parameterType="com.dpworld.esb.cxf.ais.integration.model.VesselLocation">
             insert into MPC_VSL_LOCS_AISLOG (TXN_ID, TXN_DATE, AIS_VSL_OPR_ETA, AIS_AVG_SPEED, VESS_NAME, AIS_VSL_OPR,
                                                      AIS_UPD_TIME, IMO_NO, VSL_ETA, AIS_PREV_PORT_ATD, AIS_NEXT_PORT_DIST, AIS_NEXT_PORT,
                                                      SRC_NAME, AIS_PREV_PORT, AIS_LOCATION, IS_VALID, SRC_SYS, DST_NAME, AIS_ERR_CODE) VALUES (
             				seq_mpc_sq1.nextval,
                   			 SYSDATE,   <!--1. TXN_DATE --> 
                           	 #{soLatestETA},       <!--2. AIS_VSL_OPR_ETA -->
                           	 #{avgSpeed},          <!--3. AIS_AVG_SPEED -->
                             #{vesselName},        <!--4.  VESS_NAME-->
                             #{so},                <!--5.  AIS_VSL_OPR-->  
                             #{recordUpdateTime},  <!--6.  AIS_UPD_TIME-->
                             #{imo},             <!-- 7. IMO_NO -->
                             #{predictedETA},      <!-- 8.VSL_ETA -->
                             #{atd},               <!-- 9.AIS_PREV_PORT_ATD --> 
                             #{remainingDistance}, <!-- 10.AIS_NEXT_PORT_DIST -->
                             #{nextPortOfCall},    <!-- 11.AIS_NEXT_PORT -->
                             #{departFrom},        <!-- 12.SRC_NAME -->
                             #{departFrom},         <!-- 13.AIS_PREV_PORT -->
                             #{location},          <!-- 14.AIS_LOCATION -->
                             #{isValid},           <!-- 17.IS_VALID -->
                             #{srcSys} ,            <!-- 18.SRC_SYS -->
                             #{nextPortOfCall},     <!-- 19.DST_NAME  -->
                             #{refCode}            <!-- 20.AIS_ERR_CODE -->
                    
             )
      </insert>
	
	



	<select id="getVessels" resultType="com.dpworld.esb.cxf.ais.integration.model.VesselTrait">
		SELECT B.imo_code imoNo, B.vess_name vesselName
		FROM vessels b
		WHERE EXISTS
		(SELECT 1
		FROM VOYAGES A
		WHERE A.vess_name = b.vess_name
		AND a.sail_date IS NULL
		AND a.eta_date BETWEEN (sysdate - 5) AND (sysdate + 5)
		AND a.voyage_type NOT IN (1, 9))
	</select> 
	

	
	

</mapper>	
	
	