<?xml version="1.0" encoding="UTF-8"?>

<blueprint xmlns="http://www.osgi.org/xmlns/blueprint/v1.0.0"
	xmlns:xsi="http://www.w3.org/2001/XMLSchema-instance" xmlns:jaxrs="http://cxf.apache.org/blueprint/jaxrs"
	xmlns:cxf="http://cxf.apache.org/blueprint/core"
	xsi:schemaLocation="http://www.osgi.org/xmlns/blueprint/v1.0.0 http://www.osgi.org/xmlns/blueprint/v1.0.0/blueprint.xsd
      http://cxf.apache.org/blueprint/jaxrs http://cxf.apache.org/schemas/blueprint/jaxrs.xsd
      http://cxf.apache.org/blueprint/core http://cxf.apache.org/schemas/blueprint/core.xsd">

	<bean id="promisBPAService" class="com.dpworld.mpc.camel.cxfrs.service.PromisBPAServiceImpl" />
	
	<!-- <bean id="bpaAuth" class="com.dpworld.mpc.camel.cxfrs.interceptors.AuthenticationInterceptor" /> -->

	<jaxrs:server id="servicepromisbpa" address="/mpc">

		<jaxrs:serviceBeans>
			<ref component-id="promisBPAService" />
		</jaxrs:serviceBeans>

		 <!-- <jaxrs:inInterceptors>
			<ref component-id="bpaAuth" />
		 </jaxrs:inInterceptors> -->

		<jaxrs:providers>
			<bean class="com.fasterxml.jackson.jaxrs.json.JacksonJsonProvider" />
		</jaxrs:providers>

	</jaxrs:server>
	
	<camelContext id="mpc-vesseldetails-restws" xmlns="http://camel.apache.org/schema/blueprint" useMDCLogging="true"/>
	
</blueprint>
