<?xml version="1.0" encoding="UTF-8"?>
<infinispan>
	 <global>
		<transport>
			<properties>
				<property name="configurationFile" value="jgroups.xml" />
			</properties>
		</transport> 
		 <globalJmxStatistics enabled="true" allowDuplicateDomains="true"/>
	</global> 
	<namedCache name="VesselDtoCache">
			<!-- <clustering mode="replication">
			<sync />
		</clustering> -->
		<expiration lifespan="-1" maxIdle="-1" />
	</namedCache>
	<namedCache name="MarineJobListDtoDtoCache">
			<!-- <clustering mode="replication">
			<sync />
		</clustering> -->
		<expiration lifespan="-1" maxIdle="-1" />
	</namedCache>
	
	
	
</infinispan>