<?xml version="1.0" encoding="UTF-8"?>
<beans xmlns="http://www.springframework.org/schema/beans"
	xmlns:xsi="http://www.w3.org/2001/XMLSchema-instance" xmlns:context="http://www.springframework.org/schema/context"
	xmlns:p="http://www.springframework.org/schema/p" xmlns:tx="http://www.springframework.org/schema/tx"
	xmlns:jee="http://www.springframework.org/schema/jee" xmlns:mvc="http://www.springframework.org/schema/mvc"
	xmlns:jaxrs="http://cxf.apache.org/jaxrs"
	xsi:schemaLocation=" http://www.springframework.org/schema/beans
 http://www.springframework.org/schema/beans/spring-beans-3.0.xsd
 http://www.springframework.org/schema/context
 http://www.springframework.org/schema/context/spring-context-3.0.xsd
 http://www.springframework.org/schema/tx
 http://www.springframework.org/schema/tx/spring-tx-3.0.xsd
 http://www.springframework.org/schema/mvc
 http://www.springframework.org/schema/mvc/spring-mvc-3.0.xsd
 http://www.springframework.org/schema/jee
 http://www.springframework.org/schema/jee/spring-jee-3.0.xsd
 http://cxf.apache.org/jaxrs
 http://cxf.apache.org/schemas/jaxrs.xsd">

	<mvc:annotation-driven />
	<tx:annotation-driven />
	<context:annotation-config />

	<!-- <context:component-scan base-package="com.saaed.common.scheduler.service" 
		/> -->
	<context:component-scan base-package="com.dpworld.mpcsystem.quartz" />
	
		<context:property-placeholder ignore-unresolvable="true"
		location="file:///${jboss.server.config.dir}/mpc-config.properties" />

	<!-- Quartz config starts here -->


	<!-- jOBs Services -->
	<bean id="marinOperationSchedulerService" class="com.dpworld.mpcsystem.service.impl.MarinOperationSchedulerServiceImpl" />
	<bean id="geofrencingMarinPortDao" class="com.dpworld.mpcsystem.persistence.dao.impl.GeofrencingMarinPortDaoImpl" />
	<!-- <property name="incidentQueueService" ref="incidentQueueService" /> 
		</bean> -->
	<!-- end jOBs Services -->


	<!-- Spring Quartz -->

	<!-- Spring Quartz Scheduler Beans for running the Job Services -->
	<bean name="batchJob" class="org.springframework.scheduling.quartz.JobDetailFactoryBean">

		<property name="jobClass" value="com.dpworld.mpcsystem.quartz.MarinOperationJobScheduler" />
		<property name="durability" value="true" />

		<property name="jobDataAsMap">
			<map>
				<entry key="geofrencingMarinPortDao" value-ref="geofrencingMarinPortDao" />
				<entry key="marinOperationSchedulerService" value-ref="marinOperationSchedulerService" />
			</map>
		</property>
	</bean>
	
	<bean name="alertJob" class="org.springframework.scheduling.quartz.JobDetailFactoryBean">

		<property name="jobClass" value="com.dpworld.mpcsystem.quartz.MarinOperationAlertJobScheduler" />
		<property name="durability" value="true" />

		<property name="jobDataAsMap">
			<map>
				<entry key="geofrencingMarinPortDao" value-ref="geofrencingMarinPortDao" />
				<entry key="marinOperationSchedulerService" value-ref="marinOperationSchedulerService" />
			</map>
		</property>
	</bean>

	<!-- Cron Trigger, run every 5 seconds -->
	<bean id="cronTrigger" class="org.springframework.scheduling.quartz.CronTriggerFactoryBean">
		<property name="jobDetail" ref="batchJob" />
		 <property name="cronExpression" value="${triggerTime.timing}"/> 
		<!-- <property name="cronExpression" value="0 0/30 * * * ?" /> -->
	</bean>
	
	<bean id="alertCronTrigger" class="org.springframework.scheduling.quartz.CronTriggerFactoryBean">
		<property name="jobDetail" ref="alertJob" />
		<property name="cronExpression" value="${alertTriggerTime.timing}"/> 
		<!-- <property name="cronExpression" value="0 0/30 * * * ?" /> -->
	</bean>




	<bean class="org.springframework.scheduling.quartz.SchedulerFactoryBean">
		<property name="jobDetails">
			<list>
				<ref bean="batchJob" />
				<ref bean="alertJob" />
			</list>
		</property>

		<property name="triggers">
			<list>
				<ref bean="cronTrigger" />
				<ref bean="alertCronTrigger" />
				<!-- <ref bean="cronTriggerLogging" /> -->
			</list>
		</property>
	</bean>

	<!-- Quartz config ends here -->


</beans>
