<?xml version="1.0" encoding="UTF-8"?>
<blueprint xmlns="http://www.osgi.org/xmlns/blueprint/v1.0.0"
	xmlns:xsi="http://www.w3.org/2001/XMLSchema-instance" xmlns:cxf="http://camel.apache.org/schema/blueprint/cxf"
	xmlns:sec="http://cxf.apache.org/configuration/security" xmlns:http="http://cxf.apache.org/transports/http/configuration"
	xmlns:cm="http://aries.apache.org/blueprint/xmlns/blueprint-cm/v1.1.0"
	xmlns:ext="http://aries.apache.org/blueprint/xmlns/blueprint-ext/v1.0.0"
	xsi:schemaLocation="
             http://www.osgi.org/xmlns/blueprint/v1.0.0 http://www.osgi.org/xmlns/blueprint/v1.0.0/blueprint.xsd
             http://camel.apache.org/schema/blueprint/cxf http://camel.apache.org/schema/blueprint/cxf/camel-cxf.xsd">

	<!-- Application specific definitions -->
	<ext:property-placeholder>
		<ext:location>file:etc/minapro/ais-config.properties</ext:location>
	</ext:property-placeholder>

	<bean id="aisIntegrationProcessor"
		class="com.dpworld.esb.cxf.ais.integration.process.AISIntegrationProcessor">
	</bean>

	<bean id="mybatisPromis" class="org.apache.camel.component.mybatis.MyBatisComponent">
		<property name="configurationUri" value="PromisSqlMapConfig.xml" />
	</bean>



	<camelContext id="AIS-Integration"
		xmlns="http://camel.apache.org/schema/blueprint" useMDCLogging="true">
		<route id="getAISVesselDetails">
			<from
				uri="quartz://aisVesselUpdates?cron={{ais.integration.vessels.timer}}" />
			<doTry>
				<to uri="mybatisPromis:getVessels?statementType=SelectList" />
				<choice>
					<when>
						<simple>${body.size} == 0</simple>
						<log message="List is null ${body}" />
					</when>
					<otherwise>
						<to
							uri="bean:aisIntegrationProcessor?method=extracctVesselEtaFromAISService" />
					<!-- 	<log message="VESSEL DETAILS  FROM AIS : ${body}" /> -->
						<choice>
							<when>
								<simple>${body.size} > 0</simple>
								<setProperty propertyName="listOfAisVesselLocs" >
					            	<simple resultType="java.util.List">${body}</simple>
					      	    </setProperty>
								<loop>
									<simple>${property.listOfAisVesselLocs.size}</simple>
									<setProperty propertyName="aisVesselLocation" >
					            		 <simple>${property.listOfAisVesselLocs[${property.CamelLoopIndex}]}</simple>
					      	  		 </setProperty>
									<setBody>
				                      <simple>${property.aisVesselLocation}</simple>
				              	   </setBody>
				              	   <to uri="mybatis:deleteMaxVesselRecord?statementType=Delete" />
				              	   	<setBody>
				                      <simple>${property.aisVesselLocation}</simple>
				              	   </setBody>
									<to uri="mybatis:insertVesselLocation?statementType=Insert" />									
								</loop>					      	  
							</when>
							<otherwise>
								<log message="NO VESSEL DETAILS  FROM AIS : ${body}" />
							</otherwise>
						</choice>
					</otherwise>
				</choice>
				<doCatch>
					<exception>java.lang.IllegalArgumentException</exception>
				</doCatch>
				<doFinally>
					<to uri="log:body" />
				</doFinally>
			</doTry>
		</route>
		
			
	<route id="aisIntegrationService">
			<from
				uri="jetty:http://localhost:8484/mpc/aisService" />
			<doTry>
				<to uri="mybatisPromis:getVessels?statementType=SelectList" />
				<choice>
					<when>
						<simple>${body.size} == 0</simple>
					    <log message="AIS SERVICE INPUT LIST IS NULL : ${body}" />
					</when>
					<otherwise>
					      <log message="AIS SERVICE INPUT LIST IS : ${body}" />
						<to
							uri="bean:aisIntegrationProcessor?method=extracctVesselEtaFromAISService" />
						<choice>
							<when>
								<simple>${body.size} > 0</simple>
							    <log message="AIS SERVICE RESULT IS : ${body}" />
							</when>
							<otherwise>
								<log message="AIS SERVICE RESULT IS NULL : ${body}" />
							</otherwise>
						</choice>
					</otherwise>
				</choice>
				<doCatch>
					<exception>java.lang.IllegalArgumentException</exception>
				</doCatch>
				<doFinally>
					<to uri="log:body" />
				</doFinally>
			</doTry>
	</route>
	
	<route id="fetchVesselFromAIS">
			<from
				uri="jetty:http://localhost:8383/mpc/fetchVesselFromAIS" />
			    <setProperty propertyName="vesselName">
					<simple>${header.vesselName}</simple>
				</setProperty>
			<doTry>
				<to uri="bean:aisIntegrationProcessor?method=getVessel" />
				<choice>
					<when>
						<simple>${body.size} == 0</simple>
					    <log message="AIS SERVICE INPUT LIST IS NULL : ${body}" />
					</when>
					<otherwise>
					      <log message="AIS SERVICE INPUT LIST IS : ${body}" />
						<to
							uri="bean:aisIntegrationProcessor?method=extracctVesselEtaFromAISService" />
						<choice>
							<when>
								<simple>${body.size} > 0</simple>
							    <log message="AIS SERVICE RESULT IS : ${body}" />
							</when>
							<otherwise>
								<log message="AIS SERVICE RESULT IS NULL : ${body}" />
							</otherwise>
						</choice>
					</otherwise>
				</choice>
				<doCatch>
					<exception>java.lang.IllegalArgumentException</exception>
				</doCatch>
				<doFinally>
					<to uri="log:body" />
				</doFinally>
			</doTry>
	</route>
	</camelContext>
	

</blueprint>
