<?xml version="1.0" encoding="UTF-8"?>
<mappings xmlns="http://dozer.sourceforge.net"
      xmlns:xsi="http://www.w3.org/2001/XMLSchema-instance"
      xsi:schemaLocation="http://dozer.sourceforge.net http://dozer.sourceforge.net/schema/beanmapping.xsd">
 
 
   <configuration>
       <custom-converters> 
       <converter  type="com.dpworld.mpcsystem.common.utility.dozer.ListToIdentityCustomConverter" >
        <class-a>java.util.List</class-a>
        <class-b>com.dpworld.mpcsystem.common.model.vtsresponse.DATA.MSGIVEF.Body.ObjectDatas.ObjectData.VesselData.Identifier</class-b>
      </converter>
     
       <converter  type="com.dpworld.mpcsystem.common.utility.dozer.ListToVoyageDataCustomConverter" >
        <class-a>com.dpworld.mpcsystem.common.model.vtsresponse.DATA.MSGIVEF.Body.ObjectDatas.ObjectData</class-a>
        <class-b>com.dpworld.mpcsystem.common.model.vtsresponse.DATA.MSGIVEF.Body.ObjectDatas.ObjectData.VoyageData</class-b>
      </converter>
      
    </custom-converters>     
  </configuration>
  
      <mapping map-id="vessel-info-vts">
        <class-a>com.dpworld.mpcsystem.common.utility.pojo.VesselInfo</class-a>
        <class-b>com.dpworld.mpcsystem.common.model.vtsresponse.DATA.MSGIVEF</class-b>
        <field>
            <a>lat</a>
            <b>body.objectDatas.objectData.trackData.pos.lat</b>
        </field>
        <field >
            <a>lng</a>
            <b>body.objectDatas.objectData.trackData.pos.long</b>
        </field>
         <field custom-converter="com.dpworld.mpcsystem.common.utility.dozer.ListToIdentityCustomConverter">
            <a>identifier</a>
            <b>body.objectDatas.objectData.vesselData</b>
        </field>
         <field custom-converter="com.dpworld.mpcsystem.common.utility.dozer.ListToVoyageDataCustomConverter">
            <a>voyageData</a>
            <b>body.objectDatas.objectData</b>
        </field>
      
    </mapping>
    
  
    
</mappings>