<?xml version="1.0" encoding="UTF-8"?>

<!DOCTYPE configuration
    PUBLIC "-//mybatis.org//DTD Config 3.0//EN"
    "http://mybatis.org/dtd/mybatis-3-config.dtd">

<configuration>
	<properties url="file:etc/ds.properties" />
	<settings>
        <setting name="jdbcTypeForNull" value="NULL" />
    </settings>
	<!-- setup environment with JDBC data source -->
	<environments default="development">
		<environment id="development">
			<transactionManager type="JDBC" />
			<dataSource type="POOLED">
				<property name="driver" value="oracle.jdbc.driver.OracleDriver" />
				<property name="url" value="${dpwpromis.url}" />
				<property name="username" value="${dpwpromis.username}" />
				<property name="password" value="${dpwpromis.password}" />
			</dataSource>
		</environment>
	</environments>
	<!-- mapping files -->
	<mappers>
		<mapper resource="db-mapping/MpcSqlmap.xml" />
	</mappers>

</configuration>