<?xml version="1.0" encoding="UTF-8"?>
<!DOCTYPE mapper
    PUBLIC "-//mybatis.org//DTD Mapper 3.0//EN"
    "http://mybatis.org/dtd/mybatis-3-mapper.dtd">

<mapper namespace="bpaDetail">

	<resultMap id="bpaDetailResultMap" type="BPADetail">
		<result property="rotation" column="Rotation" />
		<result property="vesselName" column="VesselName" />
		<result property="berthDateObject" column="BerthDate" />
		<result property="sailDateObject" column="SailDate" />
		<result property="status" column="Status" />
		<result property="etaDateObject" column="ETADate" />
		<result property="etbDateObject" column="ETBDate" />
		<result property="etdDateObject" column="ETDDate" />
		<result property="anchorageDateObject" column="AnchorageDate" />
		<result property="voyageNumber" column="VoyageNumber" />
		<result property="arrFm" column="OutvoyageNumber" />
		<result property="voyageRoute" column="VoyageRoute" />
		<result property="voyageType" column="VoyageType" />
		<result property="arrFm" column="ArrFM" />
		<result property="callReason" column="CallReason" />
		<result property="callType" column="CallType" />
		<result property="callDescr" column="CallDescr" />
		<result property="planMoves" column="PlanMoves" />
		<result property="lineCode" column="LineCode" />
		<result property="inVesselService" column="InVesselService" />
		<result property="arrDraft" column="ArrDraft" />
		<result property="sailDraft" column="SailDraft" />
		<result property="dualBerth" column="DualBerth" />
		<result property="portCode" column="PortCode" />
		<result property="terminalId" column="TerminalId" />
		<result property="promisTerminalId" column="TerminalId" />
		<result property="loadTerminalId" column="LoadTerminalId" />
		<result property="callSign" column="CallSign" />
		<result property="loa" column="LOA" />
		<result property="imoCode" column="IMOCode" />
		<result property="vesselType" column="VesselType" />
		<result property="serviceType" column="serviceType" />
		<result property="serviceTypeDesc" column="serviceTypeDesc" />
		<result property="sourceSystem" column="SourceSystem" />
	</resultMap>
	
	<resultMap id="bpaDetailDTOResultMap" type="BPADetailDTO">
		<result property="rotationNumber" column="Rotation" />
		<result property="berthPosition" column="BerthSide" />
		<result property="fromBollard" column="FromBollard" />
		<result property="toBollard" column="ToBollard" />
		<result property="portCode" column="PortCode" />
		<result property="sourceSystem" column="Source" />
		<result property="berthedFrom" column="BERTHED_FROM" />
		<result property="pointOfWork" column="PointOfWork" />
		<result property="planMoves" column="PlannedMoves" />
		<result property="doneMoves" column="DoneMoves" />
		<result property="qc" column="QC" />
		<result property="movesToGo" column="MovesToGo" />
		<result property="etc" column="ETC" />
		<result property="etcDateObject" column="ETC" />
		<result property="qcPty" column="qcpty" />  
		<result property="terminal" column="Terminal" />	
		<result property="quay" column="Quay" />	
		<result property="vesselName" column="VesselName" />
		<result property="remarks" column="Remarks" />
		<result property="dropDownLocation" column="Description" />
	</resultMap>
	
	
	
	<resultMap id="vesselDetailResultMap" type="VesselDetail">
		<result property="eta" column="ETA" />
		<result property="sourceSystem" column="Source" />
		<result property="imoNumber" column="IMONO" />
		<result property="vesselName" column="Name" />
		<result property="slaStatus" column="SLA" />
		<result property="score" column="Score" />
		 		
	</resultMap>
	
	
	<resultMap id="GeoFenceData" type="GeoFenceData">
		<result property="lat" column="MGM_GF_LAT" />
		<result property="lng" column="MGM_GF_LONG" />
		<result property="geoCode" column="MGM_GF_CODE" />
		<result property="pointOrder" column="MGM_GF_SEQNO" />
	</resultMap>
	
	<resultMap id="UserDetails" type="UserDetails">
		<result property="terminalCode" column="terminal_code" />
		<result property="portCode" column="port_code" />
		<result property="roleName" column="role_name" />
		<result property="userId" column="userid" />
		<result property="employeeNumber" column="employee_number" />
		<result property="empName" column="empname" />
		<result property="firstName" column="first_name" />
		<result property="middleName" column="middle_name" />
		<result property="lastName" column="last_name" />
		<result property="domainId" column="domain_id" />
		<result property="emailId" column="email_id" />
		<result property="phoneNo" column="phone_no" />
		<result property="preferredTerminalId" column="preferred_terminal_id" />
		<result property="appDescription" column="app_description" />
		<result property="description" column="description" />
	</resultMap>
	
	
	<resultMap id="TimeDetails" type="TimeDetails">
		<result property="portArrivalDate" column="port_arrival_date" />
		<result property="heaveupNoticeTime" column="heaveup_notice_time" />
		<result property="atub" column="ATUB" />
	</resultMap>
	
	<resultMap id="cbbsDetailsMap" type="CbbsDetails">
		<result property="voyage_id" column="voyage_id" />
		<result property="rotn" column="rotn" />
		<result property="voyage_ref" column="voyage_ref" />
		<result property="booking_type" column="booking_type" />
		<result property="port_code" column="port_code" />
		<result property="port_eta" column="port_eta" />
		<result property="port_etd" column="port_etd" />
		<result property="port_berth_date" column="port_berth_date" />
		<result property="port_sail_daet" column="port_sail_daet" />
		<result property="visit_id" column="visit_id" />
		<result property="visit_seq_no" column="visit_seq_no" />
		<result property="visit_terminal" column="visit_terminal" />
		<result property="visit_type" column="visit_type" />
		<result property="visit_eta" column="visit_eta" />  
		<result property="visit_etb" column="visit_etb" />	
		<result property="visit_etd" column="visit_etd" />
		<result property="visit_berth_date" column="visit_berth_date" />	
		<result property="visit_sail_date" column="visit_sail_date" />
	
		<result property="maxVisitSeqNo" column="maxVisitSeqNo" />
	</resultMap>

	<select id="getTimeDetailsListData" parameterType = "com.dpworld.mpc.camel.cxfrs.model.FilterCriteria" resultMap="TimeDetails">
		select 
		a.port_arrival_date, a.heaveup_notice_time,
		a.last_line_time ATUB
		from
		vmp_tws a
		where a.rotation_number = ${rotationNumbers}
		and a.from_location_id =
		(select b.config_value
		from gen_config b
		where b.config_key =
		'entities.sea-id'
		and rownum = 1)
		and status_code != 'CA' and port_code = 'J'
	</select>
	
	
	<select id="getGeofenceData" parameterType = "java.lang.String" resultMap="GeoFenceData">

		select a.MGM_GF_LAT ,a.MGM_GF_LONG,a.MGM_GF_CODE,a.MGM_GF_SEQNO from mpc_geofence_master a

	</select>
	
	<select id="getUserListData"  resultMap="UserDetails">

	SELECT dat.terminal_code, dat.port_code, ar.role_name, au.app_user_id
	userid,
	au.employee_number, au.first_name + ' ' + au.last_name empname,
	au.first_name, au.middle_name, au.last_name, au.domain_id, au.email_id,
	au.phone_no, au.preferred_terminal_id, da.app_description
	FROM app_roles ar,
	dpw_apps_terminal dat,
	dpw_apps da,
	user_roles ur,
	app_user au
	WHERE ar.is_valid = 1
	AND dat.is_valid = 1
	AND da.is_valid = 1
	AND ur.is_valid = 1
	AND au.is_valid = 1
	AND dat.app_id = da.app_id
	AND ur.app_terminal_id = dat.app_terminal_id
	AND ur.app_roles_id = ar.app_roles_id
	AND ur.app_user_id = au.app_user_id
	AND da.app_code = 'MPC'
	</select>
	
	<select id="getRoleListData" resultMap="UserDetails">

		SELECT DISTINCT ar.role_name, ar.description
           FROM app_roles ar,
                role_menu rm,
                app_menu am,
                dpw_apps da
          WHERE rm.app_menu_id = am.app_menu_id
            AND ar.app_roles_id = rm.app_roles_id
            AND am.app_id = da.app_id
            AND da.app_code ='MPC'
	</select>
   
	<select id="getBPADetail" resultMap="bpaDetailResultMap">
		select 	a.rotn Rotation,
				a.Bth_date BerthDate,
				a.Sail_date SailDate,
				a.Eta_date ETADate,
				a.Etb_date ETBDate,
				a.Etd_date ETDDate,
				a.Voyage_no VoyageNumber,
				a.Out_voyage_no OutvoyageNumber,
				a.Voyage_type VoyageType,
				a.Arr_fm ArrFM,
				a.Call_reason CallReason,
				a.Call_type CallType,
				a.Call_descr CallDescr,
				a.Plan_moves PlanMoves,
				a.Line_code LineCode,
				a.In_vess_service InVesselService,
				a.Arr_draft ArrDraft,
				a.Sail_draft SailDraft,
				a.Dual_berth DualBerth,
				a.Port_code PortCode,
				a.Terminal_id TerminalId,
				a.Load_terminal_id LoadTerminalId,
				a.call_sign CallSign,
				a.imo_code IMOCode,
				a.vess_type VesselType,
				a.vess_name VesselName
		 from MPC_INT_VSL a
		               WHERE a.rec_id = (select max(b.rec_id) from MPC_INT_VSL b 
		               where b.vess_name=a.vess_name
		               )
		   			    

	</select>
	
	<select id="getVesselDetails" parameterType = "java.lang.String" resultType="com.dpworld.mpc.camel.cxfrs.model.VesselLocationDetail">
	
		SELECT loc.vess_name vesselName,loc.vsl_eta eta, loc.ais_vsl_opr_eta aisVslOprEta,loc.imo_no imoNumber, loc.src_name source
		FROM   mpc_vsl_locs loc 
		WHERE  loc.txn_id = (SELECT Max(b.txn_id) 
                     FROM   mpc_vsl_locs b 
                     WHERE  b.vess_name = #{vesselName})
               
	</select>

<select id="getVtsAndAisDetail" parameterType="com.dpworld.mpc.camel.cxfrs.model.VesselLocSearchCriteria"
		resultType="com.dpworld.mpc.camel.cxfrs.model.VesselLocationDetail">
		SELECT a.vess_name vesselName, a.imo_no imoNumber, a.vsl_eta eta, a.src_name
		source ,a.dst_name destination, a.lat latitude, a.lng longitude,
		a.src_sys sourceSystem, 
			   a.ais_vsl_opr_eta    aisVslOprEta,
		       a.ais_avg_speed      aisAvgSpeed,
		       a.ais_vsl_opr        aisVesselOperator,
		       a.ais_upd_time       aisUpdateTime,
		       a.ais_prev_port_atd  aisPreviousAtd,
		       a.ais_next_port_dist aisDistanceToNextPort,
		       a.ais_next_port      aisNextPort,
		       a.ais_prev_port      aisPrevPort,
		       a.ais_location       aisLocation,
               a.ais_err_code       aisError
		
		FROM mpc_vsl_locs a
		WHERE a.txn_id = (SELECT
		Max(b.txn_id)
		FROM mpc_vsl_locs b
		<!-- WHERE b.vess_name = #{vesselName} -->
		 
		 WHERE (b.vess_name = #{vesselName} ) or (upper(replace(b.vess_name, ' ', null)) = upper(replace(#{vesselName}, ' ', null)))
		 
		<if test="imoCode != null">
			and b.imo_no = #{imoCode}
		</if>
		and
		b.src_sys = 'AIS'
		and
		b.is_valid = 1)
		 UNION ALL
		 SELECT a.vess_name vesselName, a.imo_no imoNumber, a.vsl_eta eta, a.src_name
		source ,a.dst_name destination, a.lat latitude, a.lng longitude,
		a.src_sys sourceSystem, 
			   a.ais_vsl_opr_eta    aisVslOprEta,
		       a.ais_avg_speed      aisAvgSpeed,
		       a.ais_vsl_opr        aisVesselOperator,
		       a.ais_upd_time       aisUpdateTime,
		       a.ais_prev_port_atd  aisPreviousAtd,
		       a.ais_next_port_dist aisDistanceToNextPort,
		       a.ais_next_port      aisNextPort,
		       a.ais_prev_port      aisPrevPort,
		       a.ais_location       aisLocation,
               a.ais_err_code       aisError
		FROM mpc_vsl_locs a
		WHERE a.txn_id = (SELECT
		Max(b.txn_id)
		FROM mpc_vsl_locs b
		<!-- WHERE b.vess_name = #{vesselName} -->
		 WHERE (b.vess_name = #{vesselName} ) or (upper(replace(b.vess_name, ' ', null)) = upper(replace(#{vesselName}, ' ', null)))
		<if test="imoCode != null">
			and b.imo_no = #{imoCode}
		</if>
		and
		b.src_sys = 'VTS' 
		and
		b.is_valid = 1)
		 
	</select>
	
	
	<select id="getVslDtlEitherByNameOrImoCode" parameterType = "com.dpworld.mpc.camel.cxfrs.model.VesselLocSearchCriteria" resultMap="vesselDetailResultMap">
	
		SELECT loc.vsl_eta ETA, loc.vess_name Name, loc.imo_no IMONO, loc.src_name Source
		FROM   mpc_vsl_locs loc 
		WHERE  loc.txn_id = (SELECT Max(b.txn_id) 
                     FROM   mpc_vsl_locs b 
                     WHERE  ( b.vess_name =  #{vesselName} 
                     
                     <if test="imoCode != null"> 
                     	 or b.imo_no = #{imoCode} 
                     </if>
                     	 )and b.src_sys ='VTS'
                     )
	</select>
	
	
	<select id="getVslSlaStatusByVslName" parameterType = "com.dpworld.mpc.camel.cxfrs.model.FilterCriteria" resultMap="vesselDetailResultMap">
	
		SELECT MAX(msp.msp_val1) SLA
		FROM   mpc_sys_params msp
		WHERE  msp.msp_param_catg = 'SLASTATUS' AND msp.msp_param_group = 'VESSEL' 
		AND msp.msp_param_code = #{vesselName} AND msp.is_valid = '1'
		
		
	</select>
	
	<select id="getVessslScore" parameterType = "com.dpworld.mpc.camel.cxfrs.model.FilterCriteria" resultMap="vesselDetailResultMap">
		
		select SUM(msm.MSM_SCORE) Score 
		FROM mpc_score_master msm 
		WHERE msm.MSM_SCORE_TYPE='MPCSCR' AND
		 (
		 msm.IS_VALID='1' 
		 )
		AND 
		(
		msm.MSM_CRIT_TYPE='VSLTYP' AND msm.MSM_CRIT_VAL= #{scoreAttrVslType} 
				OR 
		 msm.MSM_CRIT_TYPE='SRVTYP' AND msm.MSM_CRIT_VAL = #{scoreAttrSrvType}
		        OR 
		 msm.MSM_CRIT_TYPE='SLATYP' AND msm.MSM_CRIT_VAL = #{scoreAttrSlaType}
		        OR 
		 msm.MSM_CRIT_TYPE='PRFTYP' AND msm.MSM_CRIT_VAL = #{scoreAttrPrfmType}
		)
<!-- 		OR msm.MSM_CRIT_TYPE='BTHSL' AND msm.MSM_CRIT_VAL = #{scoreAttrCurrStatus})	 -->	
		
	</select>
	
	
	<select id="getVessslScoreTwo" parameterType = "com.dpworld.mpc.camel.cxfrs.model.FilterCriteria" resultMap="vesselDetailResultMap">
		
		select SUM(msm.MSM_SCORE) Score 
		FROM mpc_score_master msm 
		WHERE msm.MSM_SCORE_TYPE='MPCSCR' AND
		 (
		 msm.IS_VALID='1' 
		 )
		AND 
		(
		msm.MSM_CRIT_TYPE='VSLTYP' AND msm.MSM_CRIT_VAL= #{scoreAttrVslType} 
				OR 
		 msm.MSM_CRIT_TYPE='SRVTYP' AND msm.MSM_CRIT_VAL = #{scoreAttrSrvType}
		        OR 
		 msm.MSM_CRIT_TYPE='SLATYP' AND msm.MSM_CRIT_VAL = #{scoreAttrSlaType}
		        OR 
		 msm.MSM_CRIT_TYPE='PRFTYP' AND msm.MSM_CRIT_VAL = #{scoreAttrPrfmType}
		        OR
         msm.MSM_CRIT_TYPE='TMNL' and msm.MSM_CRIT_VAL = #{visit_terminal}
         
		)
<!-- 		OR msm.MSM_CRIT_TYPE='BTHSL' AND msm.MSM_CRIT_VAL = #{scoreAttrCurrStatus})	 -->	
		
	</select>
	
	<select id="getVesselETADetails" parameterType = "com.dpworld.mpc.camel.cxfrs.model.FilterCriteria" 
	                                 resultType="com.dpworld.mpc.camel.cxfrs.model.VesselLocationDetail">
	
		SELECT loc.vsl_eta ETA, loc.vess_name Name, loc.imo_no IMONO, loc.src_name Source
		FROM   mpc_vsl_locs loc 
		WHERE  loc.txn_id in (SELECT Max(b.txn_id) 
                     FROM   mpc_vsl_locs b 
                     WHERE b.vess_name in 
                     
			<foreach item="item" index="index" collection="vesselList"
      			open="(" separator="," close=")">
     			 #{item} 
   			</foreach> 
   			)
   			
	</select> 
	
	<select id="getPromisDetails" resultMap="bpaDetailResultMap">
		SELECT a.rotn                                           Rotation, 
		       a.vess_name                                      VesselName, 
		       a.bth_date                                       BerthDate, 
		       a.sail_date                                      SailDate, 
		       Decode(To_char(a.bth_date, 'DDMMYY'), NULL, NULL, 
		                                             'BERTHED') Status, 
		       a.eta_date                                       ETADate, 
		       a.etb_date                                       ETBDate, 
		       a.etd_date                                       ETDDate, 
		       a.anch_date                                      AnchorageDate, 
		       a.voyage_no                                      VoyageNumber, 
		       a.out_voyage_no                                  OutvoyageNumber, 
		       a.voyage_route                                   VoyageRoute, 
		       a.voyage_type                                    VoyageType, 
		       a.arr_fm                                         ArrFM, 
		       a.call_reason                                    CallReason, 
		       a.call_type                                      CallType, 
		       a.call_descr                                     CallDescr, 
		       a.plan_moves                                     PlanMoves, 
		       a.line_code                                      LineCode, 
		       a.in_vess_service                                InVesselService, 
		       a.arr_draft                                      ArrDraft, 
		       a.sail_draft                                     SailDraft, 
		       a.dual_berth                                     DualBerth, 
		       a.port_code                                      PortCode, 
		       a.terminal_id                                    TerminalId, 
		       a.load_terminal_id                               LoadTerminalId, 
		       b.call_sign                                      CallSign, 
		       round(b.len)                                            LOA, 
		       b.imo_code                                       IMOCode, 
		       b.vess_type                                      VesselType, 
		       upper(b.service_type)                            serviceType,
		       a.plan_bth                                       plannedBerth,
		       a.curr_bth                                       currentBerth,
		       Decode(upper(b.service_type), 
		                    'ML', 'MainLine', 
		                    'CC', 'Common Carrier', 
		                    'DF', 'Dedicated Feeder', 
		                    'NP', 'Non Piloted', null)          serviceTypeDesc,
		       'PROMIS1'                                        SourceSystem 
		FROM   voyages a, 
		       vessels b 
		       WHERE  a.vess_name =  b.vess_name 
                     AND a.sail_date IS NULL AND ((a.eta_date between (sysdate - 5) and (sysdate + 1)) OR (a.bth_date > sysdate - 5))
                     AND a.voyage_type NOT IN ( 1, 9 )
		       
		<!-- WHERE  a.vess_name =  b.vess_name 
		       AND a.sail_date IS NULL 
		       AND a.eta_date BETWEEN ( sysdate - 5 ) AND ( sysdate + 1 ) 
		       AND a.voyage_type NOT IN ( 1, 9 )  -->
	</select>
	
	 <select id="getSailedVesselsDetails"  parameterType = "com.dpworld.mpc.camel.cxfrs.model.FilterCriteria" resultMap="bpaDetailResultMap">
		SELECT a.rotn                                           Rotation, 
		       a.vess_name                                      VesselName, 
		       a.bth_date                                       BerthDate, 
		       a.sail_date                                      SailDate, 
		       Decode(To_char(a.bth_date, 'DDMMYY'), NULL, NULL, 
		                                             'BERTHED') Status, 
		       a.eta_date                                       ETADate, 
		       a.etb_date                                       ETBDate, 
		       a.etd_date                                       ETDDate, 
		       a.anch_date                                      AnchorageDate, 
		       a.voyage_no                                      VoyageNumber, 
		       a.out_voyage_no                                  OutvoyageNumber, 
		       a.voyage_route                                   VoyageRoute, 
		       a.voyage_type                                    VoyageType, 
		       a.arr_fm                                         ArrFM, 
		       a.call_reason                                    CallReason, 
		       a.call_type                                      CallType, 
		       a.call_descr                                     CallDescr, 
		       a.plan_moves                                     PlanMoves, 
		       a.line_code                                      LineCode, 
		       a.in_vess_service                                InVesselService, 
		       a.arr_draft                                      ArrDraft, 
		       a.sail_draft                                     SailDraft, 
		       a.dual_berth                                     DualBerth, 
		       a.port_code                                      PortCode, 
		       a.terminal_id                                    TerminalId, 
		       a.load_terminal_id                               LoadTerminalId, 
		       b.call_sign                                      CallSign, 
		       round(b.len)                                            LOA, 
		       b.imo_code                                       IMOCode, 
		       b.vess_type                                      VesselType, 
		       upper(b.service_type)                            serviceType,
		       a.plan_bth                                       plannedBerth,
		       a.curr_bth                                       currentBerth,
		       Decode(upper(b.service_type), 
		                    'ML', 'MainLine', 
		                    'CC', 'Common Carrier', 
		                    'DF', 'Dedicated Feeder', 
		                    'NP', 'Non Piloted', null)          serviceTypeDesc,
		       'PROMIS1'                                        SourceSystem 
		FROM   voyages a, 
		       vessels b 
		WHERE  a.vess_name =  b.vess_name 
		<!-- AND ((a.sail_date BETWEEN '27-JAN-17' and '29-JAN-17') OR (rotn = '')) -->
		
      	 AND ((a.sail_date BETWEEN #{fromSailDate} and #{toSailDate}) OR (rotn = #{rotationNumbers}))

	</select>
	
	
	<select id="getTerminals" parameterType = "com.dpworld.mpc.camel.cxfrs.model.FilterCriteria" resultMap="bpaDetailDTOResultMap">
	SELECT geo.mgm_gf_code Terminal
	FROM   mpc_geofence_data geo 
	WHERE  geo.mgd_rec_id = (SELECT max(g.mgd_rec_id) 
	                         FROM   mpc_geofence_data g 
	                         WHERE  (
								<!-- <if test="vesselName != null"> -->
								 g.mgd_obj_name =  #{vesselName}  
								<!-- </if>
								<if test="imoCode != null"> -->
						         OR g.mgd_obj_code = ( #{imoCode} )
						        <!--  </if>  -->
						          )
						      )           
                   
	</select>
	
	<!-- For Oracle -->
	
	<!-- <select id="getBPADetails" parameterType = "com.dpworld.mpc.camel.cxfrs.model.FilterCriteria" resultMap="bpaDetailDTOResultMap">
       SELECT a.rotn rotation, a.vnam vesselname,
       DECODE (a.vstc,
               'S', 'STBD',
               'P', 'PORT',
               'M', 'MEDT',
               a.vstc
              ) berthside,
       (SELECT c.berth_code || '*' || b.berth_bollard_no
          FROM berth_bollards b, berths c
         WHERE (b.berth_bollard_id = a.from_berth_bollard_id)
           AND b.berth_id = c.berth_id
           AND a.terminal =
                     (SELECT d.terminal_code
                        FROM terminal d
                       WHERE d.terminal_id = c.terminal_id AND d.is_valid = 1)
           AND a.port_code = c.port_code
           AND ROWNUM = 1) frombollard,
       (SELECT c.berth_code || '*' || b.berth_bollard_no
          FROM berth_bollards b, berths c
         WHERE b.berth_bollard_id = a.to_berth_bollard_id
           AND b.berth_id = c.berth_id
           AND a.terminal =
                     (SELECT d.terminal_code
                        FROM terminal d
                       WHERE d.terminal_id = c.terminal_id AND d.is_valid = 1)
           AND a.port_code = c.port_code) tobollard,
       (SELECT d.yard_code
          FROM yard_blocks d,
               yard_berths e,
               berth_bollards b,
               berths c
         WHERE (   b.berth_bollard_id = a.from_berth_bollard_id
                OR a.vblc BETWEEN (b.meter_mark - 32) AND (b.meter_mark + 32)
               )
           AND b.berth_id = c.berth_id
           AND d.yard_id = e.yard_id
           AND e.is_valid = 1
           AND e.berth_id = c.berth_id
           AND a.terminal =
                     (SELECT d.terminal_code
                        FROM terminal d
                       WHERE d.terminal_id = c.terminal_id AND d.is_valid = 1)
           AND a.port_code = c.port_code
           AND ROWNUM = 1) quay,
       a.port_code portcode, a.terminal terminal, a.source_system SOURCE,
       a.vrmk remarks
  FROM vessel_updates a
WHERE a.rotn IN <foreach item="item" index="index" collection="listRotations"
                     open="(" separator="," close=")">
                      #{item}
                     </foreach>
   AND msg_type = 9503
   AND a.is_valid = 1
   AND a.port_code = 'J'
   AND a.terminal = #{terminalId}
UNION ALL
SELECT a.rotn rotation, a.vnam vesselname,
       DECODE (a.vstc,
               'S', 'STBD',
               'P', 'PORT',
               'M', 'MEDT',
               a.vstc
              ) berthside,
       a.vblf frombollard, a.vbla tobollard, 'NULL' quay,
       a.port_code portcode, a.terminal terminal, a.source_system SOURCE,
       a.vrmk remarks
  FROM vessel_updates a
WHERE a.rotn IN  
     <foreach item="item" index="index" collection="listRotations"
              open="(" separator="," close=")">
               #{item}
              </foreach>
   AND msg_type = 7053
   AND a.is_valid = 1
   AND a.port_code = 'J'
   AND a.terminal = #{terminalId}
</select>	 -->

<!-- For SQL Server -->
<select id="getBPADetails" parameterType = "com.dpworld.mpc.camel.cxfrs.model.FilterCriteria" resultMap="bpaDetailDTOResultMap">
 
 SELECT a.rotn rotation, a.vnam vesselname,
       case when a.vstc = 'S' then'STBD'
            when a.vstc = 'P' then 'PORT'
            when a.vstc = 'M' then 'MEDT'
            else a.vstc end berthside,
       (SELECT TOP 1 c.berth_code + '*' + b.berth_bollard_no
          FROM berth_bollards b, berths c
         WHERE (b.berth_bollard_id = a.from_berth_bollard_id)
           AND b.berth_id = c.berth_id
           AND a.terminal =
                     (SELECT d.terminal_code
                        FROM terminal d
                       WHERE d.terminal_id = c.terminal_id AND d.is_valid = 1)
           AND a.port_code = c.port_code) frombollard,
       (SELECT c.berth_code + '*' + b.berth_bollard_no
          FROM berth_bollards b, berths c
         WHERE b.berth_bollard_id = a.to_berth_bollard_id
           AND b.berth_id = c.berth_id
           AND a.terminal =
                     (SELECT d.terminal_code
                        FROM terminal d
                       WHERE d.terminal_id = c.terminal_id AND d.is_valid = 1)
           AND a.port_code = c.port_code) tobollard,
       (SELECT TOP 1 d.yard_code
          FROM yard_blocks d,
               yard_berths e,
               berth_bollards b,
               berths c
         WHERE (   b.berth_bollard_id = a.from_berth_bollard_id
                OR a.vblc BETWEEN (b.meter_mark - 32) AND (b.meter_mark + 32)
               )
           AND b.berth_id = c.berth_id
         AND d.yard_id = e.yard_id
           AND e.is_valid = 1
           AND e.berth_id = c.berth_id
           AND a.terminal =
                     (SELECT d.terminal_code
                        FROM terminal d
                       WHERE d.terminal_id = c.terminal_id AND d.is_valid = 1)
           AND a.port_code = c.port_code) quay,
       a.port_code portcode, a.terminal terminal, a.source_system SOURCE,
       a.vrmk remarks,
       a.VISITRECID visitrecordId,IS_SLA,
       case when isnull(a.BERTHED_FROM,0) = 1 then 'STERN'
                  when isnull(a.BERTHED_FROM,0) = 2 then 'BOW'
                  else NULL end BERTHED_FROM       
  FROM vessel_updates a
WHERE a.rotn IN <foreach item="item" index="index" collection="listRotations"
                     open="(" separator="," close=")">
                      #{item}
                     </foreach>
   AND msg_type = 9503
   AND a.is_valid = 1
   AND a.port_code = 'J'
   AND a.terminal = #{terminalId}
UNION ALL
SELECT a.rotn rotation, a.vnam vesselname,
       case when a.vstc = 'S' then 'STBD'
               when a.vstc = 'P' then 'PORT'
               when a.vstc = 'M' then 'MEDT'
               else a.vstc end berthside,
       a.vblf frombollard, a.vbla tobollard, 'NULL' quay,
       a.port_code portcode, a.terminal terminal, a.source_system SOURCE,
       a.vrmk remarks,
       a.VISITRECID visitrecordId,a.IS_SLA,
       case when isnull(a.BERTHED_FROM,0) = 1 then 'STERN'
                  when isnull(a.BERTHED_FROM,0) = 2 then 'BOW'
                  else NULL end BERTHED_FROM
  FROM vessel_updates a
WHERE a.rotn IN <foreach item="item" index="index" collection="listRotations"
                     open="(" separator="," close=")">
                      #{item}
                     </foreach>
   AND msg_type = 7053
   AND a.is_valid = 1
   AND a.port_code = 'J'
   AND a.terminal = #{terminalId}
 
 <!--   SELECT a.rotn rotation, a.vnam vesselname,
       case when a.vstc = 'S' then'STBD'
            when a.vstc = 'P' then 'PORT'
            when a.vstc = 'M' then 'MEDT'
            else a.vstc end berthside,
       (SELECT TOP 1 c.berth_code + '*' + b.berth_bollard_no
          FROM berth_bollards b, berths c
         WHERE (b.berth_bollard_id = a.from_berth_bollard_id)
           AND b.berth_id = c.berth_id
           AND a.terminal =
                     (SELECT d.terminal_code
                        FROM terminal d
                       WHERE d.terminal_id = c.terminal_id AND d.is_valid = 1)
           AND a.port_code = c.port_code) frombollard,
       (SELECT c.berth_code + '*' + b.berth_bollard_no
          FROM berth_bollards b, berths c
         WHERE b.berth_bollard_id = a.to_berth_bollard_id
           AND b.berth_id = c.berth_id
           AND a.terminal =
                     (SELECT d.terminal_code
                        FROM terminal d
                       WHERE d.terminal_id = c.terminal_id AND d.is_valid = 1)
           AND a.port_code = c.port_code) tobollard,
       (SELECT TOP 1 d.yard_code
          FROM yard_blocks d,
               yard_berths e,
               berth_bollards b,
               berths c
         WHERE (   b.berth_bollard_id = a.from_berth_bollard_id
                OR a.vblc BETWEEN (b.meter_mark - 32) AND (b.meter_mark + 32)
               )
           AND b.berth_id = c.berth_id
          AND d.yard_id = e.yard_id
           AND e.is_valid = 1
           AND e.berth_id = c.berth_id
           AND a.terminal =
                     (SELECT d.terminal_code
                        FROM terminal d
                       WHERE d.terminal_id = c.terminal_id AND d.is_valid = 1)
           AND a.port_code = c.port_code) quay,
       a.port_code portcode, a.terminal terminal, a.source_system SOURCE,
       a.vrmk remarks,
       a.VISITRECID visitrecordId,IS_SLA
  FROM vessel_updates a
WHERE a.rotn IN <foreach item="item" index="index" collection="listRotations"
                     open="(" separator="," close=")">
                      #{item}
                     </foreach>
   AND msg_type = 9503
   AND a.is_valid = 1
   AND a.port_code = 'J'
   AND a.terminal = #{terminalId}
UNION ALL
SELECT a.rotn rotation, a.vnam vesselname,
       case when a.vstc = 'S' then 'STBD'
               when a.vstc = 'P' then 'PORT'
               when a.vstc = 'M' then 'MEDT'
               else a.vstc end berthside,
       a.vblf frombollard, a.vbla tobollard, 'NULL' quay,
       a.port_code portcode, a.terminal terminal, a.source_system SOURCE,
       a.vrmk remarks,
       a.VISITRECID visitrecordId,a.IS_SLA
  FROM vessel_updates a
WHERE a.rotn IN <foreach item="item" index="index" collection="listRotations"
                     open="(" separator="," close=")">
                      #{item}
                     </foreach>
   AND msg_type = 7053
   AND a.is_valid = 1
   AND a.port_code = 'J'
   AND a.terminal = #{terminalId} -->

       
</select>	

	<select id="getBPAMovesForSparcs" parameterType = "com.dpworld.mpc.camel.cxfrs.model.FilterCriteria" resultMap="bpaDetailDTOResultMap">

			SELECT work_queue_point_of_work QC,
		    		Sum(Decode(msg_type, 7043, 1,0)) PlannedMoves,
					Sum(Decode(msg_type, 7041, 1,0)) DoneMoves,
					a.port_code PortCode,
					a.TERMINAL_ID Terminal
	        FROM bpa_contr_moves a
					WHERE ( inbound_carrier = #{rotationNumbers} OR outbound_carrier = #{rotationNumbers} )
					AND is_valid = 1
					AND a.port_code = 'J'
					AND a.terminal_id = #{terminalId}
					GROUP BY work_queue_point_of_work, a.port_code, a.terminal_id 
	</select> 
	
	
	    
	
<!-- <select id="getBPAMovesForNonSparcs" parameterType="com.dpworld.mpc.camel.cxfrs.model.FilterCriteria" resultMap="bpaDetailDTOResultMap">
		SELECT a.rotn                   Rotation, 
		       a.pnam                   QC, 
		       a.movestogo              MovesToGo, 
		       vqcpm                    PlannedMoves, 
		       a.vqcdm                  DoneMoves, 
		       Substr(a.vetc, 1, 4) 
		       || '-' 
		       || Substr(a.vetc, 5, 2) 
		       || '-' 
		       || Substr(a.vetc, 7, 2) 
		       || ' ' 
		       || Substr(a.vetc, 9, 2) 
		       || ':' 
		       || Substr(a.vetc, 11, 2)||':'||'00' ETC,
		       a.PORT_CODE 				PortCode,
		       a.TERMINAL 				Terminal,
		       a.SOURCE_SYSTEM			Source
		FROM   equip_updates a 
		WHERE  a.msg_type = 9020 
		       AND a.is_valid = 1 
		       AND a.rotn = #{rotationNumbers}
		       AND a.port_code = 'J' 
		       AND a.terminal = #{terminalId}
		       AND a.seq_no = (SELECT Max(b.seq_no) 
		                       FROM   equip_updates b 
		                       WHERE  b.msg_type = 9020 
		                              AND b.is_valid = 1 
		                              AND b.rotn = #{rotationNumbers}
		                              AND a.pnam = b.pnam 
		                              AND b.port_code = 'J' 
		                              AND b.terminal = #{terminalId} )
</select> -->

<select id="getBPAMovesForNonSparcs" parameterType="com.dpworld.mpc.camel.cxfrs.model.FilterCriteria" resultMap="bpaDetailDTOResultMap">
select rotn Rotation, 
       crane QC, 
       moves_to_go MovesToGo,
       (donemoves + moves_to_go) PlannedMoves,
       donemoves DoneMoves,  
       etc_diff ETC,
       'J' PortCode,
       Terminal Terminal,
       'BI' Source,
       berth
from   cust_wk_vessels
where  rotn = #{rotationNumbers}
       and terminal = #{terminalId}
       </select>



<select id="getTerminalId" parameterType = "com.dpworld.mpc.camel.cxfrs.model.FilterCriteria" resultMap="bpaDetailDTOResultMap">
	SELECT geo.mgm_gf_code 
	FROM   mpc_geofence_data geo 
	WHERE  geo.mgd_rec_id = (SELECT g.mgd_rec_id 
	                         FROM   mpc_geofence_data g 
	                         WHERE  geo.mgd_obj_name =  #{vesselName}  
	                                 OR geo.mgd_obj_code = #{imoCode} ) 
</select>

<select id="getQcPty" parameterType = "com.dpworld.mpc.camel.cxfrs.model.FilterCriteria" resultMap="bpaDetailDTOResultMap">
	SELECT qcpty qcpty 
	FROM   equip_updates 
	WHERE  msg_type = '7182' 
	AND    rotn = #{rotationNumbers}
	AND    pnam = #{pNam}  
	AND    port_code = 'J' 
	AND    terminal = #{terminalId} 
	AND    is_valid = 1
</select>



<select id="getProforma" parameterType="com.dpworld.mpc.camel.cxfrs.model.FilterCriteria" statementType="CALLABLE">
    { 
	 #{proforma,jdbcType=VARCHAR,mode=OUT} = call fn_get_proforma(#{veta, mode=IN, jdbcType=VARCHAR}, #{vsrc, mode=IN, jdbcType=VARCHAR}, #{vesselName, mode=IN, jdbcType=VARCHAR})
    }
</select>

<insert id="insertVesselsBatchOperation" parameterType="java.util.List">
		insert into mpc_vsl_locs (TXN_ID, TXN_DATE, VESS_NAME, IMO_NO, VSL_ETA, DST_NAME, SRC_NAME, LAT, LNG,  SRC_SYS, IS_VALID)(
		select
		seq_mpc_sq1.nextval, vsl.* from(
		<foreach collection="list" item="vesselDetail" index="index"
			separator="union all">
			select #{vesselDetail.txnDate}, #{vesselDetail.vesselName},
			#{vesselDetail.imoNumber},  #{vesselDetail.eta}, #{vesselDetail.destinationName},
			#{vesselDetail.sourceSystem},  #{vesselDetail.latitude}, #{vesselDetail.longitude},
			#{vesselDetail.sourceSystem},  #{vesselDetail.valid}
			from dual
		</foreach>
		)vsl)
</insert>  
	
	
	
<insert id="insertWSBatchOperation" parameterType="java.util.List">
		insert into MPC_VSL_LOCS_EXTERNAL (TXN_ID, TXN_DATE, VESS_NAME, IMO_NO, VSL_ETA, CAL_ETA,  LAT, LNG )(
		select
		SEQ_MPC_EXT.nextval, vsl.* from(
		<foreach collection="list" item="vesselDetail" index="index"
			separator="union all">
			select #{vesselDetail.txnDate}, #{vesselDetail.vesselName},
			#{vesselDetail.imoNumber},  #{vesselDetail.eta}, #{vesselDetail.calETA},  
			#{vesselDetail.latitude}, #{vesselDetail.longitude} 
			from dual
		</foreach>
		)vsl)
</insert>  
	
	
<insert id="insertPromisDetails" parameterType="java.util.List">
		insert into MPC_INT_VSL (  REC_ID, REC_DATE, ROTN,
  		VESS_NAME, BTH_DATE, SAIL_DATE, STATUS, ETA_DATE, ETB_DATE, ETD_DATE, ANCH_DATE,
  		VOYAGE_NO, OUT_VOYAGE_NO, VOYAGE_ROUTE, VOYAGE_TYPE, ARR_FM, CALL_REASON, CALL_TYPE,
 	 	CALL_DESCR, PLAN_MOVES, LINE_CODE, IN_VESS_SERVICE, ARR_DRAFT, SAIL_DRAFT, DUAL_BERTH,
  		PORT_CODE, TERMINAL_ID, LOAD_TERMINAL_ID, CALL_SIGN, LEN, IMO_CODE, VESS_TYPE,
  		SRC_SYS, IS_VALID)
  		( select ((to_char(sysdate,'YYMMDD')) || SEQ_MIV_PK1.nextval), sysdate, promis.* from(
		<foreach collection="list" item="promisDetail" index="index"
			separator="union all">
			select #{promisDetail.rotation}, #{promisDetail.vesselName}, #{promisDetail.berthDateObject:TIMESTAMP},  
			#{promisDetail.sailDateObject:TIMESTAMP}, #{promisDetail.status}, #{promisDetail.etaDateObject:TIMESTAMP}, 
			#{promisDetail.etbDateObject:TIMESTAMP},  #{promisDetail.etdDateObject:TIMESTAMP}, 
			#{promisDetail.anchorageDateObject:TIMESTAMP}, #{promisDetail.voyageNumber}, #{promisDetail.outvoyageNumber}, 
			#{promisDetail.voyageRoute}, #{promisDetail.voyageType}, #{promisDetail.arrFm}, #{promisDetail.callReason}, 
			#{promisDetail.callType}, #{promisDetail.callDescr}, #{promisDetail.planMoves}, #{promisDetail.lineCode},
			#{promisDetail.inVesselService}, #{promisDetail.arrDraft}, #{promisDetail.sailDraft}, #{promisDetail.dualBerth},
			#{promisDetail.portCode}, #{promisDetail.promisTerminalId}, #{promisDetail.loadTerminalId}, #{promisDetail.callSign},
			#{promisDetail.loa}, #{promisDetail.imoCode}, #{promisDetail.vesselType}, #{promisDetail.sourceSystem}, '1'
			from dual
		</foreach>
		)promis)
</insert> 



<insert id="insertBPADetails" parameterType="java.util.List">
		insert into MPC_INT_VSL_PLAN (  REC_ID, REC_DATE,
  			ROTN, VESS_NAME, BERTH_SIDE, FROM_BOLLARD,
  			TO_BOLLARD, QUAY, PORT_CODE, TERMINAL, SRC_SYS, IS_VALID)
  		( select ((to_char(sysdate,'YYMMDD')) || SEQ_MIVP_PK1.nextval), sysdate, bpa.* from(
		<foreach collection="list" item="bpaDetail" index="index"
			separator="union all">
			select #{bpaDetail.rotationNumber}, #{bpaDetail.vesselName}, #{bpaDetail.berthPosition},  
			#{bpaDetail.fromBollard}, #{bpaDetail.toBollard}, #{bpaDetail.quay}, 
			#{bpaDetail.portCode},  #{bpaDetail.terminal}, 
			#{bpaDetail.sourceSystem}, '1'
			from dual
		</foreach>
		)bpa)
</insert>

<insert id="insertQCDetails" parameterType="java.util.List">
		insert into MPC_INT_VSL_QC (  REC_ID, REC_DATE, ROTN, VESS_NAME, QC_NO,
				PLAN_MOVES, DONE_MOVES, MOVES_TO_GO, VESS_ETC, PORT_CODE, TERMINAL,
				SRC_SYS, IS_VALID)
  		( select ((to_char(sysdate,'YYMMDD')) || SEQ_MIVQ_PK1.nextval), sysdate, bpa.* from(
		<foreach collection="list" item="bpaDetail" index="index"
			separator="union all">
			select #{bpaDetail.rotationNumber}, #{bpaDetail.vesselName}, #{bpaDetail.qc},  
			#{bpaDetail.planMoves}, #{bpaDetail.doneMoves}, #{bpaDetail.movesToGo},
			#{bpaDetail.etcDateObject:TIMESTAMP},  #{bpaDetail.portCode}, 
			#{bpaDetail.terminal}, #{bpaDetail.sourceSystem}, '1'
			from dual
		</foreach>
		) bpa)
</insert>

<select id="getLocationDesc" resultMap="bpaDetailDTOResultMap"> 
		SELECT code_type Type, 
		       code_code Code, 
		       code_desc1 Description 
		FROM   codes 
		WHERE  code_type IN ( 'SERVICE TYPE', 'VESSEL TYPE' ) 
		       AND code_code IN (SELECT service_type 
		                         FROM   vessels 
		                         GROUP  BY service_type) 
		ORDER  BY code_type, 
		          code_code
</select>

<select id="getCbbsDetails" resultMap="cbbsDetailsMap">

     
SELECT v.voyage_id                                                                           voyage_id, 
       v.rotation_no                                                                                rotn, 
       v.voyage_reference                                                                           voyage_ref,
       (SELECT bt.short_code  FROM config_codes bt WHERE bt.code_id = v.booking_type_id)            booking_type,
       (SELECT p.un_port_code FROM master_port p   WHERE p.port_id = v.voyage_port_id)              port_code,
       nvl(v.port_eta_date, tv.estimated_arrival_time)                                              port_eta,
       v.port_arrival_date                                                                          port_arr_date,
       v.port_etd_date                                                                              port_etd,
       v.berth_date                                                                                 port_berth_date,
       v.sail_date                                                                                  port_sail_date,
       tv.voyage_visit_id                                                                           visit_id, 
       tv.visit_seq                                                                                 visit_seq_no,
       (SELECT t.dpw_code FROM master_terminal t WHERE t.terminal_id = tv.terminal_id)              visit_terminal,
       (SELECT vt.short_code  FROM config_codes vt WHERE vt.code_id = v.booking_type_id)            visit_type,
       to_char(tv.estimated_arrival_time,'yyyyMMddHH24miss')                                        visit_eta,
       tv.estimated_berth_time                                                                      visit_etb,
       tv.estimated_depart_time                                                                     visit_etd,
       tv.actual_berth_time                                                                         visit_berth_date,
       tv.un_berthing_time                                                                          visit_sail_date, TV.TERMINAL_ID,
       (select max(c.act_start_time) from vmp_tws c where c.voyage_id = v.voyage_id and tv.visit_seq = 1 and c.act_start_time is not null and c.is_active = 1) heaveUpTime,
       (select max(vt1.visit_seq) from voyage_terminal_visit vt1 where vt1.is_active =1 and v.is_active =1 and  vt1.voyage_id = v.voyage_id) maxVisitSeqNo
  FROM vessel_voyages v, voyage_terminal_visit tv
  WHERE v.voyage_id = tv.voyage_id
   AND v.is_active = 1
   AND tv.is_active = 1
   AND v.rotation_no BETWEEN 800000 AND 899999
   AND upper(v.voyage_status) in ('APPROVED', 'REOPNED', 'PENDING')
   AND v.booking_type_id = (select a.code_id from CONFIG_CODES A
                            where  v.booking_type_id = a.code_id
                                   and a.code_type = 'BERTH_BOOKING_TYPE' 
                                   and a.short_code = 'CT' 
                                   and a.is_active = 1)
   AND (   -- Port ETA within 8 hours
           (tv.estimated_arrival_time BETWEEN SYSDATE - 12/24 AND SYSDATE + 8/24 and tv.actual_berth_time is null)
        OR (v.port_arrival_date BETWEEN SYSDATE - 12/24 AND SYSDATE + 8/24 and tv.actual_berth_time is null)  
           -- Berthed but not sailed 
        OR (tv.actual_berth_time > SYSDATE - 10 AND v.sail_date IS NULL)
           -- Vessel Saild in last hour
        OR (tv.un_berthing_time  BETWEEN SYSDATE - 2/24 and SYSDATE)
       )
  ORDER BY v.rotation_no,tv.visit_seq




</select>
	 
</mapper>	
	
	