<?xml version="1.0" encoding="UTF-8"?>

<!DOCTYPE configuration
    PUBLIC "-//mybatis.org//DTD Config 3.0//EN"
    "http://mybatis.org/dtd/mybatis-3-config.dtd">

<configuration>

	<!-- Load the properties file from Server -->
	<properties url="file:etc/ds.properties" />

	<!-- Now Null can be passed in the parameter, Mybatis won't throw exception. -->
	<settings>
		<setting name="jdbcTypeForNull" value="NULL" />
	</settings>

	<!-- Type alias for short name. -->
	<typeAliases>
		<typeAlias alias="BPADetail" type="com.dpworld.mpc.camel.cxfrs.model.PromisBPADetail" />
		<typeAlias alias="BPADetailDTO" type="com.dpworld.mpc.camel.cxfrs.model.BPADetail" />
		<typeAlias alias="VesselDetail" type="com.dpworld.mpc.camel.cxfrs.model.VesselLocationDetail" />
		<typeAlias alias="GeoFenceData" type="com.dpworld.mpc.camel.cxfrs.util.GeoFenceData" />
		<typeAlias alias="UserDetails" type="com.dpworld.mpc.camel.cxfrs.model.UserDetails" />
		<typeAlias alias="TimeDetails" type="com.dpworld.mpc.camel.cxfrs.model.TimeDetails" />
		<typeAlias alias="CbbsDetails" type="com.dpworld.mpc.camel.cxfrs.model.CbbsDetails" />
		
	</typeAliases>

	<!-- setup environment with JDBC data source, Three Databases are configured. Promis, BPA, MPC. Default is Promis -->
	<environments default="PromisDB">
	<!-- For Oracle Server -->
		<environment id="CBBS_CAMDB">
			<transactionManager type="JDBC" />
			<dataSource type="POOLED">
				<property name="driver" value="oracle.jdbc.driver.OracleDriver" />
				<property name="url" value="${camdb.url}" />
				<property name="username" value="${camdb.username}" />
				<property name="password" value="${camdb.password}" />
			</dataSource>
		</environment>
		
		<!-- For Oracle Server -->
		<!-- <environment id="BPADB">
			<transactionManager type="JDBC" />
			<dataSource type="POOLED">
				<property name="driver" value="oracle.jdbc.driver.OracleDriver" />
				<property name="url" value="${dpwbpa.url}" />
				<property name="username" value="${dpwbpa.username}" />
				<property name="password" value="${dpwbpa.password}" />
			</dataSource>
		</environment> -->
		<!-- For SQL Server -->
		<environment id="BPADB">
			<transactionManager type="JDBC" />
			<dataSource type="POOLED">
				<property name="driver" value="com.microsoft.sqlserver.jdbc.SQLServerDriver" />
				<property name="url" value="${dpwbpa.url}" />
				<property name="username" value="${dpwbpa.username}" />
				<property name="password" value="${dpwbpa.password}" />
			</dataSource>
		</environment>

		<environment id="PromisDB">
			<transactionManager type="JDBC" />
			<dataSource type="POOLED">
				<property name="driver" value="oracle.jdbc.driver.OracleDriver" />
				<property name="url" value="${dpwpromis.url}" />
				<property name="username" value="${dpwpromis.username}" />
				<property name="password" value="${dpwpromis.password}" />
			</dataSource>
		</environment>
		<environment id="PromisDBUm">
			<transactionManager type="JDBC" />
			<dataSource type="POOLED">
				<property name="driver" value="com.microsoft.sqlserver.jdbc.SQLServerDriver" />
				<property name="url" value="${promisdum.url}" />
				<property name="username" value="${promisdum.username}" />
				<property name="password" value="${promisdum.password}" />
			</dataSource>
		</environment>

		<environment id="MPCDB">
			<transactionManager type="JDBC" />
			<dataSource type="POOLED">
				<property name="driver" value="oracle.jdbc.driver.OracleDriver" />
				<property name="url" value="${dpwmpc.url}" />
				<property name="username" value="${dpwmpc.username}" />
				<property name="password" value="${dpwmpc.password}" />
			</dataSource>
		</environment>
		
		<environment id="BPA2MPC">
			<transactionManager type="JDBC" />
			<dataSource type="POOLED">
				<property name="driver" value="oracle.jdbc.driver.OracleDriver" />
				<property name="url" value="${bpa2mpc.url}" />
				<property name="username" value="${bpa2mpc.username}" />
				<property name="password" value="${bpa2mpc.password}" />
			</dataSource>
		</environment>
		
		<environment id="PromisD">
			<transactionManager type="JDBC" />
			<dataSource type="POOLED">
				<property name="driver" value="oracle.jdbc.driver.OracleDriver" />
				<property name="url" value="${promisd.url}" />
				<property name="username" value="${promisd.username}" />
				<property name="password" value="${promisd.password}" />
			</dataSource>
		</environment>

	</environments>

	<!-- mapping files -->
	<mappers>
		<mapper resource="com/dpworld/mpcsystem/bpa/mapping/PromisAndBPADetail.xml" />
	</mappers>

</configuration>